developer,date
Chen Wei,2025-04-07
Chen Wei,2025-04-08
Chen Wei,2025-04-09
Chen Wei,2025-04-10
Chen Wei,2025-04-11
Alex Johnson,2025-11-11
Alex Johnson,2025-09-18
Alex Johnson,2025-10-01
Alex Johnson,2025-05-29
Alex Johnson,2025-07-01
Alex Johnson,2025-12-17
Alex Johnson,2025-02-17
Alex Johnson,2025-03-03
Alex Johnson,2025-06-26
Alex Johnson,2025-08-26
Alex Johnson,2025-01-15
Alex Johnson,2025-09-01
Alex Johnson,2025-04-22
Alex Johnson,2025-10-29
Alex Johnson,2025-07-29
Maria Garcia,2025-11-17
Maria Garcia,2025-03-27
Maria Garcia,2025-08-01
Maria Garcia,2025-01-28
Maria Garcia,2025-05-06
Maria Garcia,2025-07-23
Maria Garcia,2025-12-05
Maria Garcia,2025-04-15
Maria Garcia,2025-09-26
Maria Garcia,2025-10-16
Maria Garcia,2025-06-05
Maria Garcia,2025-02-27
Maria Garcia,2025-05-16
Maria Garcia,2025-11-03
Maria Garcia,2025-09-04
Maria Garcia,2025-01-13
Maria Garcia,2025-03-10
Maria Garcia,2025-04-24
Maria Garcia,2025-08-18
Maria Garcia,2025-10-09
Chen Wei,2025-12-02
Chen Wei,2025-03-07
Chen Wei,2025-09-11
Chen Wei,2025-01-20
Chen Wei,2025-07-04
Chen Wei,2025-05-27
Chen Wei,2025-10-03
Chen Wei,2025-02-20
Chen Wei,2025-08-14
Chen Wei,2025-11-28
Chen Wei,2025-06-11
Chen Wei,2025-03-25
Chen Wei,2025-05-19
Chen Wei,2025-07-15
Chen Wei,2025-12-22
David Smith,2025-11-26
David Smith,2025-02-03
David Smith,2025-09-23
David Smith,2025-05-15
David Smith,2025-07-03
David Smith,2025-12-11
David Smith,2025-04-03
David Smith,2025-10-07
David Smith,2025-01-07
David Smith,2025-06-24
David Smith,2025-08-21
David Smith,2025-03-11
David Smith,2025-05-05
David Smith,2025-11-18
David Smith,2025-09-09
David Smith,2025-01-23
David Smith,2025-04-14
David Smith,2025-08-08
David Smith,2025-10-31
David Smith,2025-12-23
Sophia Lee,2025-11-24
Sophia Lee,2025-03-05
Sophia Lee,2025-08-07
Sophia Lee,2025-01-16
Sophia Lee,2025-05-02
Sophia Lee,2025-07-25
Sophia Lee,2025-12-09
Sophia Lee,2025-04-16
Sophia Lee,2025-09-29
Sophia Lee,2025-10-17
Sophia Lee,2025-06-10
Sophia Lee,2025-02-28
Sophia Lee,2025-05-23
Sophia Lee,2025-11-04
Sophia Lee,2025-09-05
Sophia Lee,2025-01-14
Sophia Lee,2025-03-18
Sophia Lee,2025-04-21
Sophia Lee,2025-08-19
Sophia Lee,2025-10-10